month,pct_bw443
2023-01,27.114720864622928
2023-02,28.721266758410312
2023-03,28.463616251847952
2023-04,31.366374221977424
2023-05,32.509130097858794
2023-06,29.419404187114374
2023-07,24.97758183650799
2023-08,26.592002416456317
2023-09,29.384526353895808
2023-10,28.543024441538073
2023-11,31.268771156987896
2023-12,32.4003824034089
